{"cameraMode":{"drawMode":0,"name":"Shaded","section":"Shading Mode"},"sceneLighting":false,"audioPlay":false,"sceneViewState":{"m_AlwaysRefresh":false,"showFog":true,"showSkybox":false,"showFlares":true,"showImageEffects":true,"showParticleSystems":true,"showVisualEffectGraphs":true,"m_FxEnabled":true},"in2DMode":false,"pivot":{"x":0.012814998626708985,"y":0.001042485237121582,"z":0.01483154296875},"rotation":{"x":-0.0005014942726120353,"y":0.9945141077041626,"z":0.10449806600809097,"w":0.004774789791554213},"size":2.8316287994384767,"orthographic":false}