{"cameraMode":{"drawMode":0,"name":"Shaded","section":"Shading Mode"},"sceneLighting":false,"audioPlay":false,"sceneViewState":{"m_AlwaysRefresh":false,"showFog":true,"showSkybox":false,"showFlares":true,"showImageEffects":true,"showParticleSystems":true,"showVisualEffectGraphs":true,"m_FxEnabled":true},"in2DMode":false,"pivot":{"x":0.013824462890625,"y":0.0010275840759277344,"z":0.01640939712524414},"rotation":{"x":-0.0005014942726120353,"y":0.9945141077041626,"z":0.10449806600809097,"w":0.004774789791554213},"size":2.767744779586792,"orthographic":false}