{"cameraMode":{"drawMode":0,"name":"Shaded","section":"Shading Mode"},"sceneLighting":true,"audioPlay":false,"sceneViewState":{"m_AlwaysRefresh":false,"showFog":true,"showSkybox":true,"showFlares":true,"showImageEffects":true,"showParticleSystems":true,"showVisualEffectGraphs":true,"m_FxEnabled":true},"in2DMode":false,"pivot":{"x":151.0500030517578,"y":146.6090545654297,"z":-58.9603271484375},"rotation":{"x":-0.18376004695892335,"y":0.0005868672742508352,"z":-0.00011049314343836159,"w":-0.9829738140106201},"size":192.72671508789063,"orthographic":false}